Date,Source,Soumya,Company Name,Link,,,
13 Jan 2023,GitHub,Applied,Nvida,https://nvidia.wd5.myworkdayjobs.com/en-us/nvidiaexternalcareersite/job/US-CA-Santa-Clara/Solutions-Architect-Intern--LLM---Summer-2024_JR1975910?utm_source=Simplify&ref=Simplify&src=Simplify,"Tirupati, Andhra Pradesh, India",,
13 Jan 2023,GitHub,Applied,Two Six Technologies,https://boards.greenhouse.io/twosixtechnologies/jobs/5057039004?utm_source=Simplify&gh_src=Simplify,Software Engineering Intern,,
13 Jan 2023,GitHub,Applied,Splunk Careers,https://jobs.jobvite.com/splunk-careers/job/onrSqfwQ?nl=1&nl=1&fr=false&utm_source=Simplify&ref=Simplify&src=Simplify,"Data Scientist/Product Analyst Intern (Boulder, CO - Summer 2024)",,
13 Jan 2023,GitHub,Applied,Span,https://boards.greenhouse.io/spanio/jobs/5857616003?utm_source=Simplify&gh_src=Simplify,RDI Software Co-op July- December 2024,,
13 Jan 2023,GitHub,Applied,Momentive,https://boards.greenhouse.io/surveymonkey/jobs/5616821?utm_source=Simplify&gh_src=Simplify,Technical Intern,,
13 Jan 2023,GitHub,Applied,Light Cast,https://jobs.lever.co/economicmodeling/d99eff63-45c6-4247-8494-047e898db169/apply?lever-source=Simplify,Data Engineer Intern,,
13 Jan 2023,GitHub,Applied,Leidos,https://leidos.wd5.myworkdayjobs.com/en-US/External/job/Data-Scientist-Intern_R-00126416,Data Scientist Intern,,
13 Jan 2023,GitHub,Applied,Protective Life,https://jobs.lever.co/protective/e6d3b1d5-7d05-40bc-ae27-4dd5760d84b8/apply?lever-source=Simplify,2024 Summer Internship- Software Development,,
13 Jan 2023,GitHub,Applied,AbelsonTaylor,https://boards.greenhouse.io/abelsontaylor/jobs/4322044006?utm_source=Simplify,Data Science Intern,,
13 Jan 2023,GitHub,Applied,HP,https://hp.wd5.myworkdayjobs.com/en-US/ExternalCareerSite/job/Data-Engineering-Intern_3128687-1,"Data Engineering Intern",,
13 Jan 2023,LinkedIn,Applied,Intel,https://www.linkedin.com/jobs/view/3804916262,AI Software Solutions Intern,,
13 Jan 2023,LinkedIn,Applied,Johns Manville,https://www.linkedin.com/jobs/view/3801196217,Engineering Intern,,
13 Jan 2023,LinkedIn,Applied,Raytheon,https://www.linkedin.com/jobs/view/3801603220,Distributed Systems Internship,,
13 Jan 2023,LinkedIn,Applied,Empower,https://www.linkedin.com/jobs/view/3804930465,Summer 2024 Intern – Full-Stack Software Engineer; DevOps/Architecture,,
13 Jan 2023,LinkedIn,Applied,Empower,https://www.linkedin.com/jobs/view/3804930466,Summer 2024 Intern – Software Engineer; Technology Modernization,,
13 Jan 2023,LinkedIn,Applied,Ambit Inc,https://www.linkedin.com/jobs/view/3805762774,Data Scientist Summer Intern,,
13 Jan 2023,LinkedIn,Applied,Oldcastle APG,https://www.linkedin.com/jobs/view/3804931705,"Engineering Intern/Co-op - Spring/Summer Semester - Easton, PA",,
13 Jan 2023,LinkedIn,Applied,Ambit Inc,https://www.linkedin.com/jobs/view/3805703032,Strategy: Analyst Summer Intern,,
13 Jan 2023,LinkedIn,Applied,Jobs for humanity,https://www.linkedin.com/jobs/view/3804643863,Technology Early Internship Program - Summer 2024,,
13 Jan 2023,LinkedIn,Applied,PwC ,https://www.linkedin.com/jobs/view/3801646855,Products & Tech - Data Science Intern - Summer 2025 - Women's Consulting Experience,,
,,,,,,,
14 Jan 2024,LinkedIn,Applied,Dassault Systèmes,https://www.linkedin.com/jobs/view/3771230380,Software Developer Engineering in Test Intern,,
14 Jan 2024,LinkedIn,Applied,Murata,https://www.linkedin.com/jobs/view/3801698100,Computational Software Development Engineer,,
14 Jan 2024,LinkedIn,Applied,"Brentwood Industries, Inc",https://www.linkedin.com/jobs/view/3805578255,Data Analyst Intern,,
14 Jan 2024,LinkedIn,Applied,CrowdStrike,https://www.linkedin.com/jobs/view/3804371506,Data Science Intern - Summer 2024 (Remote),,
14 Jan 2024,LinkedIn,Applied,Siemens Healthineers,https://www.linkedin.com/jobs/view/3802174383,Data Science Intern,,
14 Jan 2024,LinkedIn,Applied,Arch Capital Services LLC,https://www.linkedin.com/jobs/view/3804695064,Data Science Intern,,
14 Jan 2024,LinkedIn,Applied,Tactile Medical,https://www.linkedin.com/jobs/view/3793244967,Data Science Graduate Intern,,
14 Jan 2024,LinkedIn,Applied,CCC Intelligent Solutions,https://www.linkedin.com/jobs/view/3738623227,Data Science Engineer Internship Summer 2024,,
14 Jan 2024,LinkedIn,Applied,Amadeus,https://www.linkedin.com/jobs/view/3805554065,Data Engineering Intern,,
14 Jan 2024,LinkedIn,Applied,Vectra AI,https://www.linkedin.com/jobs/view/3743206742,Data Science Internship - San Jose,,
14 Jan 2024,LinkedIn,Applied,IQuest Solutions Corporation,https://www.linkedin.com/jobs/view/3793659682,AI and ML Internship-2023- Remote,,
14 Jan 2024,LinkedIn,Applied,Qualcomm,https://www.linkedin.com/jobs/view/3783091009,Machine Learning & Artificial Intelligence Engineering Internship – Summer 2024,,
14 Jan 2024,LinkedIn,Applied,Symbotic,https://www.linkedin.com/jobs/view/3768618087,Intern - Machine Learning,,
14 Jan 2024,LinkedIn,Applied,Veritiv Corporation,https://www.linkedin.com/jobs/view/3711153870,Data Science Intern,,
14 Jan 2024,LinkedIn,Applied,Imagry,https://www.linkedin.com/jobs/view/3801681831,Machine Learning Engineer,,
14 Jan 2024,LinkedIn,Applied,Sage Therapeutics,https://www.linkedin.com/jobs/view/3806512161,Data Science & Analytics Intern,,
14 Jan 2024,LinkedIn,Applied,Sage Therapeutics,https://www.linkedin.com/jobs/view/3806507993,Commercial Data Science & Decision Analytics Intern,,
14 Jan 2024,LinkedIn,Applied,Sage Therapeutics,https://www.linkedin.com/jobs/view/3806511662,Clinical Data Management Intern,,
14 Jan 2024,LinkedIn,Applied,Actalent,https://www.linkedin.com/jobs/view/3806502470,Data Scientist,,
14 Jan 2024,LinkedIn,Applied,The Job Network,https://www.linkedin.com/jobs/view/3802004640,"Scientist, Data Science - Hybrid",,
14 Jan 2024,LinkedIn,Applied,KForce,https://www.linkedin.com/jobs/view/3806219431,Data Science Developer,,
,,,,,,,
15 Jan 2024,LinkedIn,Applied,Samsung Semiconductor,https://www.linkedin.com/jobs/view/3761289969,"Intern, Data Analysis Tools",,
15 Jan 2024,LinkedIn,Applied,Samsung Semiconductor,https://www.linkedin.com/jobs/view/3760557469,"Intern, AI/ML RF Systems Algorithms Engineering",,
15 Jan 2024,LinkedIn,Applied,Spectrum,https://www.linkedin.com/jobs/view/3712022351,2024 Summer Intern: Associate Data Scientist - Customer Operations,,
15 Jan 2024,LinkedIn,Applied,GILEAD,https://www.linkedin.com/jobs/view/3806235903,Graduate Intern – IT Clinical Supply Chain and Planning,,
15 Jan 2024,LinkedIn,Applied,GILEAD,https://www.linkedin.com/jobs/view/3806238597,Graduate Intern - Business Strategy Leader,,
15 Jan 2024,LinkedIn,Applied,GILEAD,https://www.linkedin.com/jobs/view/3806234865,Graduate Intern Oncology,,
15 Jan 2024,LinkedIn,Applied,GILEAD,https://www.linkedin.com/jobs/view/3806235852,Intern - Global Clinical Data Standards,,
15 Jan 2024,LinkedIn,Applied,Meta,https://www.linkedin.com/jobs/view/3763492016,"Data Scientist Intern, Product Analytics",,
15 Jan 2024,LinkedIn,Applied,Hubbell Incorporated,https://www.linkedin.com/jobs/view/3762984448,Intern,,
15 Jan 2024,LinkedIn,Applied,Spectrum,https://www.linkedin.com/jobs/view/3712022344,2024 Summer Intern: Assoc Analyst Digital Svc & Customer Experience - Customer Operations,,
15 Jan 2024,LinkedIn,Applied,Spectrum,https://www.linkedin.com/jobs/view/3712019628,2024 Summer Intern: Assoc Data & Reporting Analyst - Customer Operations,,
15 Jan 2024,LinkedIn,Applied,St. Jude Children's Research Hospital - ALSAC,https://www.linkedin.com/jobs/view/3802038623,"Summer 2024 Intern - Development (Nashville, TN)",,
15 Jan 2024,LinkedIn,Applied,Tesla,https://www.linkedin.com/jobs/view/3743258898/,"Internship, Fullstack Engineer, Applications Engineering",,
15 Jan 2024,LinkedIn,Applied,Blizzard,https://www.linkedin.com/jobs/view/3734877832/,2024 US Summer Internship - Software Engineering,,
15 Jan 2024,LinkedIn,Applied,Wayfair,https://www.linkedin.com/jobs/view/3800828766/,Software Engineering Internship - Summer 2024,,
15 Jan 2024,LinkedIn,Applied,HRT,https://www.linkedin.com/jobs/view/3706428666/,Software Engineering Internship – Summer 2024,,
15 Jan 2024,LinkedIn,Applied,Skydio,https://www.linkedin.com/jobs/view/3730490339,Autonomy Engineer Intern,,
15 Jan 2024,LinkedIn,Applied,Advanced Robotic Solutions,https://www.linkedin.com/jobs/view/3806552215,Intern,,
15 Jan 2024,LinkedIn,Applied,GulfStream,https://www.linkedin.com/jobs/view/3802059564,Summer 2024 - Product Support Applications Intern (215746),,
15 Jan 2024,LinkedIn,Applied,Heartland Business Systems,https://www.linkedin.com/jobs/view/3707543546,Engineering Associate - Data Center - Summer Internship 2024,,
15 Jan 2024,LinkedIn,Applied,Structify,https://www.linkedin.com/jobs/view/3807055909,"Full Stack Intern, Summer 2024",,
15 Jan 2024,LinkedIn,Applied,Lyft,https://www.linkedin.com/jobs/view/3743745765,Product Design Intern (2024),,
15 Jan 2024,LinkedIn,Applied,Structify,https://www.linkedin.com/jobs/view/3807062208,"Machine Learning Intern, Summer 2024",,
15 Jan 2024,LinkedIn,Applied,Meta,https://www.linkedin.com/jobs/view/3763489190,"Data Engineering Intern, Analytics",,
15 Jan 2024,LinkedIn,Applied,Salesforce,https://www.linkedin.com/jobs/view/3730877915,Summer 2024 Intern- AI Research,Sent message to hiring manager too,
15 Jan 2024,LinkedIn,Applied,Typeface,https://www.linkedin.com/jobs/view/3805480937,ML Engineer Intern (Summer 2024),,
15 Jan 2024,LinkedIn,Applied,GulfStream,https://www.linkedin.com/jobs/view/3802055872,Summer 2024 - IT System Risk Analyst Intern,,
15 Jan 2024,LinkedIn,Applied,Pwc,https://www.linkedin.com/jobs/view/3708927555,Digital Assurance & Transparency (DAT) Intern - Summer 2025 - Destination CPA,,
15 Jan 2024,LinkedIn,Applied,Symbotic,https://www.linkedin.com/jobs/view/3802440553,Intern- Software Engineer (Cognitive Tools),,
15 Jan 2024,LinkedIn,Applied,Lyft,https://www.linkedin.com/jobs/view/3743750280,UX Research Intern (2024),,
,,,,,,,
16 Jan 2024,LinkedIn,Applied,HoneyWell,https://www.linkedin.com/jobs/view/3731913891,Software Engineering Co-op - Spring 2024(req418533),,
16 Jan 2024,Github,Applied,samsara,https://app.ripplematch.com/v2/public/job/d394c822/details?utm_source=Simplify&ref=Simplify,Data Engineering Intern,,Message
16 Jan 2024,Github,Applied,Confluent,https://app.ripplematch.com/v2/public/job/96587920/details?utm_source=Simplify&ref=Simplify,Software Engineering Intern (Frontend) - 2024,,MongoDB
16 Jan 2024,Github,Applied,appian,https://app.ripplematch.com/v2/public/job/a869a045/details?utm_source=Simplify&ref=Simplify,Web Development Engineering Intern,,
16 Jan 2024,Github,Applied-,Mongo DB,https://www.mongodb.com/careers/jobs/5329297,Software Engineer - Intern,Dublin - Waste - some other country,
16 Jan 2024,LinkedIn,Applied,CISCO,https://www.linkedin.com/jobs/view/3807961468,Data Analyst Intern - Summer 2024 Internship ,,
16 Jan 2024,LinkedIn,,GPTZero,https://www.linkedin.com/jobs/view/3796844451,Machine Learning Intern,,
16 Jan 2024,LinkedIn,Applied,IQuest Solutions Corporation,https://www.linkedin.com/jobs/view/3780742414,Data Scientist Intern / Data Analyst Intern,,
16 Jan 2024,LinkedIn,Applied,1X,https://www.linkedin.com/jobs/view/3794985787,Intern - AI Team,,
16 Jan 2024,LinkedIn,Applied,Bath and Body works,https://www.linkedin.com/jobs/view/3803019329,Internship: Data Science,,
16 Jan 2024,LinkedIn,Applied,Siemens,https://www.linkedin.com/jobs/view/3801649275,Data Analysis and Visualization Intern: Cybersecurity for Building Automation,,
16 Jan 2024,LinkedIn,Applied,Zurn Elkay Water Solutions,https://www.linkedin.com/jobs/view/3806370230,Data Science Intern (Summer 2024),,
16 Jan 2024,LinkedIn,Applied,Inspire Medical Systems,https://www.linkedin.com/jobs/view/3806392228,Data Science Intern,,
16 Jan 2024,LinkedIn,Applied,Indiana University Foundation,https://www.linkedin.com/jobs/view/3806380847,Strategy & Analytics Internship – Summer 2024,,
16 Jan 2024,LinkedIn,Applied,T Mobile,https://www.linkedin.com/jobs/view/3806387366,Summer 2024 Business Intelligence Analyst Internship,,
16 Jan 2024,LinkedIn,Applied,TikToK,https://www.linkedin.com/jobs/view/3697915249,Software Engineer Intern (Global Monetization Product and Technology-Measurement Signal and Privacy) - 2024 Summer (BS/MS),,
16 Jan 2024,LinkedIn,Applied,TikToK,https://www.linkedin.com/jobs/view/3697916952,Frontend Engineer Intern,,
16 Jan 2024,LinkedIn,Applied,Blue Cross Blue Shield of Arizona,https://www.linkedin.com/jobs/view/3806383747,"Intern - Robotic Process Automation Developer (RPA, Summer 2024)",,
16 Jan 2024,Github,Applied,Capital One,https://capitalone.wd1.myworkdayjobs.com/Capital_One/job/McLean-VA/Labs-Incubator-Intern---Summer-2024_R179800-1?utm_source=Simplify&ref=Simplify&src=Simplify,Labs Incubator Intern - Summer 2024,,
16 Jan 2024,Github,Applied,COTA,https://boards.greenhouse.io/cota/jobs/5826981003?utm_source=Simplify&gh_src=Simplify,Engineering Internship Summer 2024,,
16 Jan 2024,Github,Applied,Chamberlain Group,https://chamberlain.wd1.myworkdayjobs.com/Chamberlain_Group/job/Oak-Brook-IL/Intern--BI-Developer-for-myQ-DevOps--Summer-2024-_JR26754?utm_source=Simplify&ref=Simplify&src=Simplify,"Intern, BI Developer for myQ DevOps (Summer 2024)",,
16 Jan 2024,Github,Applied,ServiceNow,https://jobs.smartrecruiters.com/oneclick-ui/company/ServiceNow/publication/a669f840-0c28-4af1-8768-c11860ff2c98?dcr_ci=ServiceNow,Software Engineer Intern,,
,,,,,,,
17 Jan 2024,Github,Applied,Voya Financial,https://godirect.wd5.myworkdayjobs.com/voya_jobs/job/United-States-Remote/Summer-2024-Software-Developer-Intern_JR0028718?utm_source=Simplify,Summer 2024 Software Developer Intern,,
17 Jan 2024,Github,Applied,Voya Financial,https://godirect.wd5.myworkdayjobs.com/voya_jobs/job/United-States-Remote/Summer-2024-Data-Science-Intern---Remote_JR0028724?utm_source=Simplify,Summer 2024 Data Science Intern,,
17 Jan 2024,Github,Applied,Snap Inc,https://wd1.myworkdaysite.com/recruiting/snapchat/snap/job/Los-Angeles-California/XMLNAME-2024-Software-Engineer--Snap-Up-Apprentice_R0033740?utm_source=Simplify,"2024 Software Engineer, Snap Up Apprentice",,
17 Jan 2024,Github,Applied,NVIDA,https://nvidia.wd5.myworkdayjobs.com/en-us/nvidiaexternalcareersite/job/US-CA-Santa-Clara/NVIDIA-Summer-2024-Internships--Artificial-Intelligence-Intern_JR1978482?utm_source=Simplify,NVIDIA Summer 2024 Internships: Artificial Intelligence Intern,,
17 Jan 2024,Github,Applied,NVIDA,https://nvidia.wd5.myworkdayjobs.com/en-us/nvidiaexternalcareersite/job/US-CA-Santa-Clara/NVIDIA-Summer-2024-Internships--System-Software-Intern_JR1978483?utm_source=Simplify,NVIDIA Summer 2024 Internships: System Software Intern,,
17 Jan 2024,Github,Applied,Pure Storage,https://boards.greenhouse.io/purestorage/jobs/5624520?utm_source=Simplify,GenAI Software Engineering Intern,,
17 Jan 2024,Github,Applied,CACI,https://caci.wd1.myworkdayjobs.com/External/job/Remote-Any-State/Data-Scientist-Intern---Summer-2024_291150-1?utm_source=Simplify,Data Science Intern,,
17 Jan 2024,Github,Applied,GRAIL,https://jobs.lever.co/grailbio/1d4ed43e-0944-450f-8765-fb818980e2ab/apply?lever-source=Simplify,"Software Engineering Intern, Data Platform",Only US Citizen,
17 Jan 2024,Github,Applied,GRAIL,https://jobs.lever.co/grailbio/1b88edc8-01d5-4fa9-a77d-73ae4e364447/apply?lever-source=Simplify,"Software Engineering Intern, Commercial Platform",Only US Citizen,
17 Jan 2024,Github,Applied,GRAIL,https://jobs.lever.co/grailbio/c7860d1d-294b-40ee-bb47-4bf3c72fdf93/apply?lever-source=Simplify,Generative AI Innovation Intern,Only US Citizen,
17 Jan 2024,Github,Applied,MyFitnessPal,https://boards.greenhouse.io/myfitnesspal/jobs/5613767?utm_source=Simplify,Business Intelligence Analyst Intern - Summer 2024,,
17 Jan 2024,Github,Applied,MyFitnessPal,https://boards.greenhouse.io/myfitnesspal/jobs/5602062?utm_source=Simplify,"Software Engineer Intern, iOS- Summer 2024",,
17 Jan 2024,Github,Applied,MyFitnessPal,https://boards.greenhouse.io/myfitnesspal/jobs/5606624?utm_source=Simplify#app,"Software Engineer Intern, Android- Summer 2024",,
17 Jan 2024,Github,Applied,MyFitnessPal,https://boards.greenhouse.io/myfitnesspal/jobs/5616597?utm_source=Simplify#app,Machine Learning (Computer Vision) Intern - Summer 2024,,
17 Jan 2024,LinkedIn,Applied,The Cigna Group,https://www.linkedin.com/jobs/view/3797547346,"Data Science Summer Intern - Start Date: May 20, 2024",,
17 Jan 2024,LinkedIn,Applied,Kapitus ,https://www.linkedin.com/jobs/view/3808129056,Intern Data Science,,
,,,,,,,
18 Jan 2024,LinkedIn,Applied,Motorola Solutions,https://www.linkedin.com/jobs/view/3808761525,Software Development Intern - 2024 Summer Internship,Ravindar Sambanthamoorthy,
18 Jan 2024,LinkedIn,Applied,VIAVI Solutions,https://www.linkedin.com/jobs/view/3807192666,AI/ML Graduate Intern,,
18 Jan 2024,LinkedIn,Applied,Volvo Group,https://www.linkedin.com/jobs/view/3804169108,Intern: Data Analyst - Programming (Summer 2024),,
18 Jan 2024,LinkedIn,Applied,Thermo Fisher Scientific ,https://www.linkedin.com/jobs/view/3803640171,Information Technology Internship,,
18 Jan 2024,LinkedIn,Applied,Paycom,https://www.linkedin.com/jobs/view/3807307977,Data Engineering Intern - SMU,,
18 Jan 2024,LinkedIn,Applied,Colas USA,https://www.linkedin.com/jobs/view/3807330858,IT Intern,,
18 Jan 2024,LinkedIn,,GM Financial,https://www.linkedin.com/jobs/view/3804126719,Intern - Data Analyst - Talent Acquisition,,
18 Jan 2024,LinkedIn,Applied,Microsoft,https://www.linkedin.com/jobs/view/3803635704,Research Intern - AI Infrastructure,,
18 Jan 2024,LinkedIn,Applied,"Riot Platforms, Inc.",https://www.linkedin.com/jobs/view/3806664554,Data Science Intern,,
18 Jan 2024,LinkedIn,Applied,Valeo Financial Advisors LLC,https://www.linkedin.com/jobs/view/3808733471,Summer 2024: Technology Operations Intern,,
18 Jan 2024,LinkedIn,Applied,AMD,https://www.linkedin.com/jobs/view/3804142217,Summer 2024 Information Technology Co-Op/Intern,,
18 Jan 2024,LinkedIn,Applied,Bose Corporation,https://www.linkedin.com/jobs/view/3807994841,Audio Machine Learning Research Intern,,
18 Jan 2024,LinkedIn,Applied,SAMSUMG,https://www.linkedin.com/jobs/view/3779955104,"2024 Summer Intern, Artificial Intelligence – Machine Learning Engineer",,
18 Jan 2024,LinkedIn,Applied,Adobe,https://www.linkedin.com/jobs/view/3731257501,"2024 Intern - Research, Firefly",,
18 Jan 2024,LinkedIn,Applied,Amazon,https://www.linkedin.com/jobs/view/3757627141,"SDE Intern – High-Performance Query Processing, Query Optimization",Jamie Brown,
18 Jan 2024,LinkedIn,Applied,Amazon,https://www.linkedin.com/jobs/view/3757625545,"SDE Intern – SDE Distributed Data and Transaction Management , Redshift",,
18 Jan 2024,LinkedIn,Applied,Yahoo,https://www.linkedin.com/jobs/view/3730899210,"Yahoo Summer Intern (US) - Sports, Finance, Mail & More!",,
18 Jan 2024,Siemens Job board,Applied,Siemens Healthineers,https://jobs.siemens-healthineers.com/careerhub/explore/jobs/563156118113703,Software Engineering Internship,,
18 Jan 2024,Siemens Job board,Applied,Siemens Healthineers,https://jobs.siemens-healthineers.com/careerhub/explore/jobs/563156118113724,AI Software Engineering Internship,,
18 Jan 2024,Siemens Job board,Applied,Siemens Healthineers,https://jobs.siemens-healthineers.com/careerhub/explore/jobs/563156118116301,Software Internship,,
18 Jan 2024,Siemens Job board,Applied,Siemens Healthineers,https://jobs.siemens-healthineers.com/careerhub/explore/jobs/563156118136261,Software Engineering Summer Intern Opportunities – Bachelor's/Master's,,
,,,,,,,
18 Jan 2024,Job Poratl Adobe,Applied,Adobe,https://careers.adobe.com/us/en/job/ADOBUSR141150EXTERNALENUS,2024 Intern - Machine Learning Engineer (R141150),,
18 Jan 2024,Job Poratl Adobe,Applied,Adobe,https://careers.adobe.com/us/en/job/ADOBUSR141237EXTERNALENUS,2024 AI/ML Intern - Machine Learning Engineer (R141237),,
18 Jan 2024,Job Poratl Adobe,Applied,Adobe,https://careers.adobe.com/us/en/job/ADOBUSR139530EXTERNALENUS,2024 Intern - GenAI Research (R139530),,
18 Jan 2024,Job Poratl Adobe,Applied,Adobe,https://careers.adobe.com/us/en/job/ADOBUSR141251EXTERNALENUS,2024 AI/ML Intern - Machine Learning Engineer (R141251),,
18 Jan 2024,Job Poratl Adobe,Applied,Adobe,https://careers.adobe.com/us/en/job/ADOBUSR141746EXTERNALENUS,2024 Intern - Experience Design (R141746),,
18 Jan 2024,Job Poratl Adobe,Applied,Adobe,https://careers.adobe.com/us/en/job/ADOBUSR141478EXTERNALENUS,2024 Intern - DEX Data & Insights (R141478) ,,
,,,,,,,
19 Jan 2024,Github,Applied,Advisor 360,https://careers.coca-colacompany.com/job/19722840/software-developer-intern-austin-tx/?utm_source=Simplify&ref=Simplify,Data Science – Summer Internship,,
19 Jan 2024,Github,Applied,YEXT,https://boards.greenhouse.io/yext/jobs/5602005?utm_source=Simplify&gh_src=Simplify#app,2024 Site Reliability Network Intern,,
19 Jan 2024,Github,Applied,YEXT,https://boards.greenhouse.io/yext/jobs/5602018?utm_source=Simplify&gh_src=Simplify#app,2024 Systems Intern,,
19 Jan 2024,Github,Applied,YEXT,https://boards.greenhouse.io/yext/jobs/5601993?utm_source=Simplify&gh_src=Simplify,2024 Site Reliability Database Intern,,
19 Jan 2024,Github,Applied,Ultima Genomics,https://boards.greenhouse.io/ultimagenomics/jobs/5054493004?utm_source=Simplify&gh_src=Simplify#app,Systems Analytics Intern,,
19 Jan 2024,Github,Applied,Okta,https://www.okta.com/company/careers/security/vulnerability-management-analyst-intern-summer-2024-5626490/?utm_source=Simplify,Vulnerability Management Analyst Intern,,
19 Jan 2024,Github,Applied,NVIDA,https://nvidia.wd5.myworkdayjobs.com/en-us/nvidiaexternalcareersite/job/US-CA-Santa-Clara/NVIDIA-Summer-2024-Internships--Software-Engineering-Intern_JR1978476?utm_source=Simplify,NVIDIA Summer 2024 Internships: Software Engineering Intern,,
19 Jan 2024,Github,,Skyways,https://jobs.lever.co/skyways/99a7e812-96d4-42be-a633-9d7462a098cb/apply?lever-source=Simplify,Software Engineer internship,Should provide assesment upload,
19 Jan 2024,Linkedin,Applied,Pluralsight,https://www.linkedin.com/jobs/view/3810557791,Machine Learning Ops Intern,,
19 Jan 2024,Linkedin,Applied,Intuitive,https://www.linkedin.com/jobs/view/3781688626,IT Security Analyst Intern,,
19 Jan 2024,Linkedin,Applied,Verkada,https://www.linkedin.com/jobs/view/3765973131,"Software Engineering Intern, Frontend - Winter 2024",,
19 Jan 2024,Linkedin,Applied,Verkada,https://www.linkedin.com/jobs/view/3765965982,"Software Engineering Intern, Frontend - Summer 2024",,
19 Jan 2024,Linkedin,Applied,Verkada,https://www.linkedin.com/jobs/view/3765972044,"Software Engineering Intern, Backend - Summer 2024",,
19 Jan 2024,Linkedin,Applied,Intuitive,https://www.linkedin.com/jobs/view/3780830721,Video Software Engineering Intern,,
19 Jan 2024,Linkedin,Applied,Genentech,https://www.linkedin.com/jobs/view/3798199585,2024 Summer Intern - BRAID (202312-128972),,
19 Jan 2024,Linkedin,Applied,DoorDash,https://www.linkedin.com/jobs/view/3736455966,"Machine Learning Engineer Intern (Masters/PhD), Summer 2024",,
19 Jan 2024,Linkedin,Applied,Intuitive,https://www.linkedin.com/jobs/view/3785251094,Data Science and Engineering Intern,,
19 Jan 2024,Linkedin,Applied,Intuitive,https://www.linkedin.com/jobs/view/3783876062,Machine Learning Intern,,
19 Jan 2024,Linkedin,Applied,Samsumg,https://www.linkedin.com/jobs/view/3771328346,"2024 Summer Intern, Data Science & ML Prototyper",,
19 Jan 2024,Linkedin,Applied,Bosch,https://www.linkedin.com/jobs/view/3797259354,Reliable Distributed AI Systems for Robotics – Intern,,
19 Jan 2024,Linkedin,Applied,Bosch,https://www.linkedin.com/jobs/view/3797261279,Research Intern - AI & 3D Perception,,
19 Jan 2024,CompanySite,Applied,Juniper,https://ejif.fa.us6.oraclecloud.com/hcmUI/CandidateExperience/en/sites/CX_1/job/1009426,Data Science/Engineering Internship,,
19 Jan 2024,CompanySite,Applied,Juniper,https://ejif.fa.us6.oraclecloud.com/hcmUI/CandidateExperience/en/sites/CX_1/job/1009971,Software Assurance Intern (Cybersecurity) - Summer 2024,,
19 Jan 2024,CompanySite,Applied,Juniper,https://ejif.fa.us6.oraclecloud.com/hcmUI/CandidateExperience/en/sites/CX_1/job/1009958,Software Engineering Intern - Summer 2024,,
19 Jan 2024,CompanySite,Applied,Juniper,https://ejif.fa.us6.oraclecloud.com/hcmUI/CandidateExperience/en/sites/CX_1/job/1010161,Data Engineer Intern - Summer 2024,,
19 Jan 2024,CompanySite,Applied,Juniper,https://ejif.fa.us6.oraclecloud.com/hcmUI/CandidateExperience/en/sites/CX_1/job/1009974,"Software Engineering Intern, Network Security - Summer 2024",,
,,,,,,,
20 Jan 2024,Linkedin,Applied,J & J,https://www.linkedin.com/jobs/view/3802331337,Computer Vision Intern,,
20 Jan 2024,Linkedin,Applied,Lyft,https://www.linkedin.com/jobs/view/3737845115,"Data Science Intern, Algorithms (2024)",,
20 Jan 2024,Linkedin,Applied,Lyft,https://www.linkedin.com/jobs/view/3737838999,"Data Science Intern, Algorithms (2024)",,
20 Jan 2024,Linkedin,Applied,Lyft,https://www.linkedin.com/jobs/view/3737845113,"Data Science Intern, Algorithms (2024)",,
20 Jan 2024,Git hub,Applied,Coca Cola,https://careers.coca-colacompany.com/job/19722840/software-developer-intern-austin-tx/?utm_source=Simplify&ref=Simplify,Software Developer Intern,,
20 Jan 2024,Git hub,Applied,Handshake,https://joinhandshake.com/careers/open-roles/job/?utm_source=Simplify&gh_jid=5627379&gh_src=Simplify,Frontend Engineer Intern (Summer 2024),,
20 Jan 2024,Git hub,Applied,Handshake,https://joinhandshake.com/careers/open-roles/job/?utm_source=Simplify&gh_jid=5627377&gh_src=Simplify,Full-Stack Software Engineer Intern,,
20 Jan 2024,Git hub,Applied,Handshake,https://joinhandshake.com/careers/open-roles/job/?utm_source=Simplify&gh_jid=5633902&gh_src=Simplify,Backend Engineer Intern,,
20 Jan 2024,Git hub,Applied,Salesforce,https://salesforce.wd12.myworkdayjobs.com/en-us/External_Career_Site/job/California---San-Francisco/Summer-2024-Intern---Tax-Data-Analyst_JR236561?utm_source=Simplify&ref=Simplify&src=Simplify,Summer 2024 Intern - Tax Data Analyst,,
20 Jan 2024,LInkedIn,Applied,Dolby Laboratories,https://www.linkedin.com/jobs/view/3733846147,CV/ML intern (Summer 24),,
20 Jan 2024,LInkedIn,Applied,Tencent,https://www.linkedin.com/jobs/view/3767622406,Data Scientist Intern,,
20 Jan 2024,LInkedIn,,Cargill,https://www.linkedin.com/jobs/view/3810988183,Remote Data Science Intern - Summer 2024,,
20 Jan 2024,LInkedIn,Applied,GOBankingRates,https://www.linkedin.com/jobs/view/3809894855,Data Science Intern - Spring,,
20 Jan 2024,LInkedIn,,King County Department of Natural Resources and Parks,https://www.linkedin.com/jobs/view/3809460020,Data Science Intern II,,
20 Jan 2024,LInkedIn,,Boehringer Ingelheim,https://www.linkedin.com/jobs/view/3760428953,Summer Intern - Clinical Data Sciences - Programming,,
,,,,,,,
4 Feb 2024,LinkedIn,Applied,NISSAN,https://alliance.wd3.myworkdayjobs.com/en-US/nissanjobs/job/summer-2024-information-systems-intern_r00147952?source=LinkedIn,Summer 2024 Information Systems Intern,"As I am completing my Master's by Dec 2024, I am looking forward and excited to to apply the knowledge I gained in real world. applications",
4 Feb 2024,LinkedIn,Applied,Hexion Inc.,https://www.linkedin.com/jobs/view/3776490482,,,
4 Feb 2024,LinkedIn,Applied,5 Easy Apply jobs on LinkedIn,,,,
,,,,,,,
5 Feb 2024,GitHub,Applied,identifeye HEALTH Inc,https://boards.greenhouse.io/tesseract/jobs/5881613003?utm_source=Simplify,Software Engineering Internship - Backend,,
5 Feb 2024,GitHub,Applied,identifeye HEALTH Inc,https://boards.greenhouse.io/tesseract/jobs/5881579003?utm_source=Simplify,Software Engineering Internship - iOS,,
5 Feb 2024,GitHub,Applied,Moxion,https://jobs.lever.co/moxionpower/e9899c26-959a-415e-8dec-fafe7d9c9d62/apply?utm_source=Simplify&ref=Simplify,Quality Engineer Intern,,
5 Feb 2024,GitHub,Applied,Gen,https://gen.wd1.myworkdayjobs.com/careers/job/USA---Arizona-Tempe/Site-Reliability-Engineer--DevOps--Intern_53066-1?utm_source=Simplify,Site Reliability Engineer (DevOps) Intern,,
5 Feb 2024,LinkedIn,Applied,Dialpad,https://boards.greenhouse.io/dialpad/jobs/7119959002?gh_src=4dkixG#app,Business Transformation Intern,,
5 Feb 2024,LinkedIn,Applied,Addepar,https://www.linkedin.com/jobs/view/3814851507,Software Engineer Intern - Data Science / ADM (US),,
5 Feb 2024,LinkedIn,Applied,Arch,https://archgroup.wd1.myworkdayjobs.com/Careers/job/Jersey-City-NJ-United-States-of-America/Data-Science-Intern_R24_97?source=LinkedIn,Data Science Intern,,
5 Feb 2024,LinkedIn,Applied,Medidata Solutions,https://www.linkedin.com/jobs/view/3809930186,Data Science Intern,,
5 Feb 2024,LinkedIn,Applied,"Reinsurance Group of America, Incorporated",https://www.linkedin.com/jobs/view/3759392828,Summer Intern - Data Science,Petr Vaclav,
5 Feb 2024,LinkedIn,Applied,SRS,https://srsdistribution.wd1.myworkdayjobs.com/en-US/SRS/job/McKinney-Texas/Business-Intelligence-and-Data-Science-Intern_REQ30407?source=Linkedin,Business Intelligence and Data Science Intern,,
5 Feb 2024,LinkedIn,Applied,MGIC,https://www.linkedin.com/jobs/view/3807942411,Data Science Intern,,
,,,,,,,
,,,,https://boards.greenhouse.io/doordash/jobs/5414872?gh_jid=5414872#app,,,
,,,,,,,
,,,,,,,
,,,,,,,
,,,,,,,
,,,,,,,
,,,,,,,
,,,,,,,
,,,,,,,
,,,,,,,
,,,,,,,
,,,,,,,
,,,,,,,
,,,,,,,
,,,,,,,
,,,,,,,
,,,,,,,
,,,,,,,
,,,,,,,
,,,,,,,
,,,,,,,
,,,,,,,
,,,,,,,
,,,,,,,
,,,,,,,
,,,,,,,
,,,,,,,
,,,,,,,
,,,,,,,
,,,,,,,
,,,,,,,
,,,,,,,
,,,,,,,
,,,,,,,
,,,,,,,
,,,,,,,
,,,,,,,
,,,,,,,
,,,,,,,
,,,,,,,
,,,,,,,
,,,,,,,
,,,,,,,
,,,,,,,
,,,,,,,
,,,,,,,
,,,,,,,
,,,,,,,
,,,,,,,
,,,,,,,
,,,,,,,
,,,,,,,
,,,,,,,
,,,,,,,
,,,,,,,
,,,,,,,
,,,,,,,
,,,,,,,
,,,,,,,
,,,,,,,
,,,,,,,
,,,,,,,
,,,,,,,
,,,,,,,
,,,,,,,
,,,,,,,
,,,,,,,
,,,,,,,
,,,,,,,
,,,,,,,
,,,,,,,
,,,,,,,
,,,,,,,
,,,,,,,
,,,,,,,
,,,,,,,
,,,,,,,
,,,,,,,
,,,,,,,
,,,,,,,
,,,,,,,
,,,,,,,
,,,,,,,
,,,,,,,
,,,,,,,
,,,,,,,
,,,,,,,
,,,,,,,
,,,,,,,
,,,,,,,
,,,,,,,
,,,,,,,
,,,,,,,
,,,,,,,
,,,,,,,
,,,,,,,
,,,,,,,
,,,,,,,
,,,,,,,
,,,,,,,
,,,,,,,
,,,,,,,
,,,,,,,
,,,,,,,
,,,,,,,
,,,,,,,
,,,,,,,
,,,,,,,
,,,,,,,
,,,,,,,
,,,,,,,
,,,,,,,
,,,,,,,
,,,,,,,
,,,,,,,
,,,,,,,
,,,,,,,
,,,,,,,
,,,,,,,
,,,,,,,
,,,,,,,
,,,,,,,
,,,,,,,
,,,,,,,
,,,,,,,
,,,,,,,
,,,,,,,
,,,,,,,
,,,,,,,
,,,,,,,
,,,,,,,
,,,,,,,
,,,,,,,
,,,,,,,
,,,,,,,
,,,,,,,
,,,,,,,
,,,,,,,
,,,,,,,
,,,,,,,
,,,,,,,
,,,,,,,
,,,,,,,
,,,,,,,
,,,,,,,
,,,,,,,
,,,,,,,
,,,,,,,
,,,,,,,
,,,,,,,
,,,,,,,
,,,,,,,
,,,,,,,
,,,,,,,
,,,,,,,
,,,,,,,
,,,,,,,
,,,,,,,
,,,,,,,
,,,,,,,
,,,,,,,
,,,,,,,
,,,,,,,
,,,,,,,
,,,,,,,
,,,,,,,
,,,,,,,
,,,,,,,
,,,,,,,
,,,,,,,
,,,,,,,
,,,,,,,
,,,,,,,
,,,,,,,
,,,,,,,
,,,,,,,
,,,,,,,
,,,,,,,
,,,,,,,
,,,,,,,
,,,,,,,
,,,,,,,
,,,,,,,
,,,,,,,
,,,,,,,
,,,,,,,
,,,,,,,
,,,,,,,
,,,,,,,
,,,,,,,
,,,,,,,
,,,,,,,
,,,,,,,
,,,,,,,
,,,,,,,
,,,,,,,
,,,,,,,
,,,,,,,
,,,,,,,
,,,,,,,
,,,,,,,
,,,,,,,
,,,,,,,
,,,,,,,
,,,,,,,
,,,,,,,
,,,,,,,
,,,,,,,
,,,,,,,
,,,,,,,
,,,,,,,
,,,,,,,
,,,,,,,
,,,,,,,
,,,,,,,
,,,,,,,
,,,,,,,
,,,,,,,
,,,,,,,
,,,,,,,
,,,,,,,
,,,,,,,
,,,,,,,
,,,,,,,
,,,,,,,
,,,,,,,
,,,,,,,
,,,,,,,
,,,,,,,
,,,,,,,
,,,,,,,
,,,,,,,
,,,,,,,
,,,,,,,
,,,,,,,
,,,,,,,
,,,,,,,
,,,,,,,
,,,,,,,
,,,,,,,
,,,,,,,
,,,,,,,
,,,,,,,
,,,,,,,
,,,,,,,
,,,,,,,
,,,,,,,
,,,,,,,
,,,,,,,
,,,,,,,
,,,,,,,
,,,,,,,
,,,,,,,
,,,,,,,
,,,,,,,
,,,,,,,
,,,,,,,
,,,,,,,
,,,,,,,
,,,,,,,
,,,,,,,
,,,,,,,
,,,,,,,
,,,,,,,
,,,,,,,
,,,,,,,
,,,,,,,
,,,,,,,
,,,,,,,
,,,,,,,
,,,,,,,
,,,,,,,
,,,,,,,
,,,,,,,
,,,,,,,
,,,,,,,
,,,,,,,
,,,,,,,
,,,,,,,
,,,,,,,
,,,,,,,
,,,,,,,
,,,,,,,
,,,,,,,
,,,,,,,
,,,,,,,
,,,,,,,
,,,,,,,
,,,,,,,
,,,,,,,
,,,,,,,
,,,,,,,
,,,,,,,
,,,,,,,
,,,,,,,
,,,,,,,
,,,,,,,
,,,,,,,
,,,,,,,
,,,,,,,
,,,,,,,
,,,,,,,
,,,,,,,
,,,,,,,
,,,,,,,
,,,,,,,
,,,,,,,
,,,,,,,
,,,,,,,
,,,,,,,
,,,,,,,
,,,,,,,
,,,,,,,
,,,,,,,
,,,,,,,
,,,,,,,
,,,,,,,
,,,,,,,
,,,,,,,
,,,,,,,
,,,,,,,
,,,,,,,
,,,,,,,
,,,,,,,
,,,,,,,
,,,,,,,
,,,,,,,
,,,,,,,
,,,,,,,
,,,,,,,
,,,,,,,
,,,,,,,
,,,,,,,
,,,,,,,
,,,,,,,
,,,,,,,
,,,,,,,
,,,,,,,
,,,,,,,
,,,,,,,
,,,,,,,
,,,,,,,
,,,,,,,
,,,,,,,
,,,,,,,
,,,,,,,
,,,,,,,
,,,,,,,
,,,,,,,
,,,,,,,
,,,,,,,
,,,,,,,
,,,,,,,
,,,,,,,
,,,,,,,
,,,,,,,
,,,,,,,
,,,,,,,
,,,,,,,
,,,,,,,
,,,,,,,
,,,,,,,
,,,,,,,
,,,,,,,
,,,,,,,
,,,,,,,
,,,,,,,
,,,,,,,
,,,,,,,
,,,,,,,
,,,,,,,
,,,,,,,
,,,,,,,
,,,,,,,
,,,,,,,
,,,,,,,
,,,,,,,
,,,,,,,
,,,,,,,
,,,,,,,
,,,,,,,
,,,,,,,
,,,,,,,
,,,,,,,
,,,,,,,
,,,,,,,
,,,,,,,
,,,,,,,
,,,,,,,
,,,,,,,
,,,,,,,
,,,,,,,
,,,,,,,
,,,,,,,
,,,,,,,
,,,,,,,
,,,,,,,
,,,,,,,
,,,,,,,
,,,,,,,
,,,,,,,
,,,,,,,
,,,,,,,
,,,,,,,
,,,,,,,
,,,,,,,
,,,,,,,
,,,,,,,
,,,,,,,
,,,,,,,
,,,,,,,
,,,,,,,
,,,,,,,
,,,,,,,
,,,,,,,
,,,,,,,
,,,,,,,
,,,,,,,
,,,,,,,
,,,,,,,
,,,,,,,
,,,,,,,
,,,,,,,
,,,,,,,
,,,,,,,
,,,,,,,
,,,,,,,
,,,,,,,
,,,,,,,
,,,,,,,
,,,,,,,
,,,,,,,
,,,,,,,
,,,,,,,
,,,,,,,
,,,,,,,
,,,,,,,
,,,,,,,
,,,,,,,
,,,,,,,
,,,,,,,
,,,,,,,
,,,,,,,
,,,,,,,
,,,,,,,
,,,,,,,
,,,,,,,
,,,,,,,
,,,,,,,
,,,,,,,
,,,,,,,
,,,,,,,
,,,,,,,
,,,,,,,
,,,,,,,
,,,,,,,
,,,,,,,
,,,,,,,
,,,,,,,
,,,,,,,
,,,,,,,
,,,,,,,
,,,,,,,
,,,,,,,
,,,,,,,
,,,,,,,
,,,,,,,
,,,,,,,
,,,,,,,
,,,,,,,
,,,,,,,
,,,,,,,
,,,,,,,
,,,,,,,
,,,,,,,
,,,,,,,
,,,,,,,
,,,,,,,
,,,,,,,
,,,,,,,
,,,,,,,
,,,,,,,
,,,,,,,
,,,,,,,
,,,,,,,
,,,,,,,
,,,,,,,
,,,,,,,
,,,,,,,
,,,,,,,
,,,,,,,
,,,,,,,
,,,,,,,
,,,,,,,
,,,,,,,
,,,,,,,
,,,,,,,
,,,,,,,
,,,,,,,
,,,,,,,
,,,,,,,
,,,,,,,
,,,,,,,
,,,,,,,
,,,,,,,
,,,,,,,
,,,,,,,
,,,,,,,
,,,,,,,
,,,,,,,
,,,,,,,
,,,,,,,
,,,,,,,
,,,,,,,
,,,,,,,
,,,,,,,
,,,,,,,
,,,,,,,
,,,,,,,
,,,,,,,
,,,,,,,
,,,,,,,
,,,,,,,
,,,,,,,
,,,,,,,
,,,,,,,
,,,,,,,
,,,,,,,
,,,,,,,
,,,,,,,
,,,,,,,
,,,,,,,
,,,,,,,
,,,,,,,
,,,,,,,
,,,,,,,
,,,,,,,
,,,,,,,
,,,,,,,
,,,,,,,
,,,,,,,
,,,,,,,
,,,,,,,
,,,,,,,
,,,,,,,
,,,,,,,
,,,,,,,
,,,,,,,
,,,,,,,
,,,,,,,
,,,,,,,
,,,,,,,
,,,,,,,
,,,,,,,
,,,,,,,
,,,,,,,
,,,,,,,
,,,,,,,
,,,,,,,
,,,,,,,
,,,,,,,
,,,,,,,
,,,,,,,
,,,,,,,
,,,,,,,
,,,,,,,
,,,,,,,
,,,,,,,
,,,,,,,
,,,,,,,
,,,,,,,
,,,,,,,
,,,,,,,
,,,,,,,
,,,,,,,
,,,,,,,
,,,,,,,
,,,,,,,
,,,,,,,
,,,,,,,
,,,,,,,
,,,,,,,
,,,,,,,
,,,,,,,
,,,,,,,
,,,,,,,
,,,,,,,
,,,,,,,
,,,,,,,
,,,,,,,
,,,,,,,
,,,,,,,
,,,,,,,
,,,,,,,
,,,,,,,
,,,,,,,
,,,,,,,
,,,,,,,
,,,,,,,
,,,,,,,
,,,,,,,
,,,,,,,
,,,,,,,
,,,,,,,
,,,,,,,
,,,,,,,
,,,,,,,
,,,,,,,
,,,,,,,
,,,,,,,
,,,,,,,
,,,,,,,
,,,,,,,
,,,,,,,
,,,,,,,
,,,,,,,
,,,,,,,
,,,,,,,
,,,,,,,
,,,,,,,
,,,,,,,
,,,,,,,
,,,,,,,
,,,,,,,
,,,,,,,
,,,,,,,
,,,,,,,
,,,,,,,
,,,,,,,
,,,,,,,
,,,,,,,
,,,,,,,
,,,,,,,
,,,,,,,
,,,,,,,
,,,,,,,
,,,,,,,
,,,,,,,
,,,,,,,
,,,,,,,
,,,,,,,
,,,,,,,
,,,,,,,
,,,,,,,
,,,,,,,
,,,,,,,
,,,,,,,
,,,,,,,
,,,,,,,
,,,,,,,
,,,,,,,
,,,,,,,
,,,,,,,
,,,,,,,
,,,,,,,
,,,,,,,
,,,,,,,
,,,,,,,
,,,,,,,
,,,,,,,
,,,,,,,
,,,,,,,
,,,,,,,
,,,,,,,
,,,,,,,
,,,,,,,
,,,,,,,
,,,,,,,
,,,,,,,
,,,,,,,
,,,,,,,
,,,,,,,
,,,,,,,
,,,,,,,
,,,,,,,
,,,,,,,
,,,,,,,
,,,,,,,
,,,,,,,
,,,,,,,
,,,,,,,
,,,,,,,
,,,,,,,
,,,,,,,
,,,,,,,
,,,,,,,
,,,,,,,
,,,,,,,
,,,,,,,
,,,,,,,
,,,,,,,
,,,,,,,
,,,,,,,
,,,,,,,
,,,,,,,
,,,,,,,
,,,,,,,
,,,,,,,
,,,,,,,
,,,,,,,
,,,,,,,
,,,,,,,
,,,,,,,
,,,,,,,
,,,,,,,
,,,,,,,
,,,,,,,
,,,,,,,
,,,,,,,
,,,,,,,
,,,,,,,
,,,,,,,
,,,,,,,
,,,,,,,
,,,,,,,
,,,,,,,
,,,,,,,
,,,,,,,
,,,,,,,
,,,,,,,
,,,,,,,
,,,,,,,
,,,,,,,
,,,,,,,
,,,,,,,
,,,,,,,
,,,,,,,
,,,,,,,
,,,,,,,
,,,,,,,
,,,,,,,
,,,,,,,
,,,,,,,
,,,,,,,
,,,,,,,
,,,,,,,
,,,,,,,
,,,,,,,
,,,,,,,
,,,,,,,
,,,,,,,
,,,,,,,
,,,,,,,
,,,,,,,
,,,,,,,
,,,,,,,
,,,,,,,
,,,,,,,
,,,,,,,
,,,,,,,
,,,,,,,
,,,,,,,
,,,,,,,
,,,,,,,
,,,,,,,
,,,,,,,
,,,,,,,
,,,,,,,
,,,,,,,
,,,,,,,
,,,,,,,
,,,,,,,
,,,,,,,
,,,,,,,
,,,,,,,
,,,,,,,
,,,,,,,
,,,,,,,
,,,,,,,
,,,,,,,
,,,,,,,
,,,,,,,
,,,,,,,
,,,,,,,
,,,,,,,
,,,,,,,
,,,,,,,
,,,,,,,
,,,,,,,
31 Jan 2024,LinkedIn,Applied,Motorola,https://www.linkedin.com/jobs/view/3818073431,Data Analyst Summer Internship for PMO,,
31 Jan 2024,LinkedIn,Applied,CoX,https://jobs.coxenterprises.com/en/jobs/job/r202437123-data-science-intern-summer-2024-atlanta-ga/?utm_campaign=bayard&utm_medium=job_board&utm_source=linkedin&source=LinkedIn_Job_Slots,"Data Science Intern - Summer 2024 (Atlanta, GA)",,
31 Jan 2024,LinkedIn,Applied,IBM,https://www.linkedin.com/jobs/view/3813165295,IBM Research AI Models Science Internship,,
31 Jan 2024,LinkedIn,Applied,Sony,https://www.linkedin.com/jobs/view/3813660041,Data Center Intern,,
31 Jan 2024,LinkedIn,Applied,Masonite,https://www.linkedin.com/jobs/view/3722236733,Data Scientist - Summer 2024 Internship,,
31 Jan 2024,LinkedIn,Applied,Mathematica,https://www.linkedin.com/jobs/view/3818066695,Data Scientist Intern / Senior Data Scientist Intern (Remote Eligible) ,,
31 Jan 2024,LinkedIn,Applied,Hewlett Packard Enterprise,https://www.linkedin.com/jobs/view/3703167126,Data Science Intern,,
31 Jan 2024,LinkedIn,Applied,Micron Technology,https://www.linkedin.com/jobs/view/3816729741,Intern - Smart Manufacturing & AI ,,
31 Jan 2024,LinkedIn,Applied,Honda,https://www.linkedin.com/jobs/view/3817781112,2024 Engineering Summer Internship,,
31 Jan 2024,LinkedIn,Applied,H&H Automotive LLC,https://www.linkedin.com/jobs/view/3816743307,INTERN OMAHA - INFORMATION TECHNOLOGY (IT) INTERNSHIP,,
31 Jan 2024,LinkedIn,Applied,Waters Corporation,https://www.linkedin.com/jobs/view/3806464250,"Intern, Data and Machine Learning",,
31 Jan 2024,LinkedIn,Applied,MRI Software,https://www.linkedin.com/jobs/view/3817782479,Technical Intern - Summer 2024,,